Classifier,Precision,Recall,F1 Score,Accuracy,AUROC,Average Precision
Logistic Regression,0.9181694537346712,0.925,0.9210458821826603,0.9208333333333332,0.96875,0.9794722944709839
Random Forest,0.992,1.0,0.9959183673469388,0.9958333333333333,0.9996527777777778,0.9996666666666666
Decision Tree,1.0,0.9916666666666668,0.9957446808510639,0.9958333333333332,0.9958333333333333,0.9958333333333333
Gradient Boosting,1.0,0.9916666666666668,0.9957446808510639,0.9958333333333332,0.9958333333333333,0.9958333333333333
XGBoost,1.0,0.9916666666666668,0.9957446808510639,0.9958333333333332,0.9958333333333333,0.9958333333333333
